{"q": 0.0010382549241397551, "w": 0.023254184692276282, "e": 0.12005497653200646, "r": 0.05565833791386977, "t": 0.08657552030098793, "y": 0.020399967898389316, "u": 0.02808608279086154, "i": 0.06710205738011486, "o": 0.07502065657888693, "p": 0.01600870983323819, "a": 0.07793695667645362, "s": 0.06062177185748702, "d": 0.04330042918238308, "f": 0.02107662543426766, "g": 0.0194711411062639, "h": 0.06072393170029008, "j": 0.0014557777599435496, "k": 0.007916277384162902, "l": 0.03988988541844904, "z": 0.0006187131191106037, "x": 0.0014443705838202835, "c": 0.02310558855729002, "v": 0.009217402101444118, "b": 0.015089775990317024, "n": 0.06657005898923334, "m": 0.026033598676363776, ",": 0.01847901962892355, ".": 0.011619773582696223, "/": 2.7457981464853028e-05, ";": 0.0022026954248643127, "qq": 0.0, "qw": 1.3112977612344454e-07, "qe": 0.0002950419962777502, "qr": 1.4817664701949231e-05, "qt": 3.9338932837033355e-07, "qy": 0.0, "qu": 0.001349587655862491, "qi": 3.134001649350324e-05, "qo": 1.7833649552788456e-05, "qp": 0.0, "qa": 6.818748358419115e-06, "qs": 8.064481231591838e-05, "qd": 9.179084328641117e-07, "qf": 1.3112977612344454e-07, "qg": 0.0, "qh": 2.0980764179751126e-06, "qj": 0.0, "qk": 2.6225955224688907e-07, "ql": 2.6225955224688907e-07, "qz": 1.3112977612344454e-07, "qx": 1.0490382089875562e-05, "qc": 7.946464433080737e-05, "qv": 0.0, "qb": 0.0, "qn": 0.00011683663052598906, "qm": 1.3112977612344454e-07, "q,": 2.6225955224688907e-07, "q.": 1.7046870896047788e-06, "q/": 0.0, "q;": 0.0, "ww": 1.626009223930712e-05, "we": 0.005453687388974057, "wr": 0.00047219832382052373, "wt": 0.0007840249314420748, "wy": 9.152858373416427e-05, "wu": 1.5473313582566454e-05, "wi": 0.005045873785230145, "wo": 0.007756850776806237, "wp": 1.4948794478072675e-05, "wa": 0.007341562775823289, "ws": 0.0007967445197260489, "wd": 0.0001534218380644301, "wf": 4.943592559853859e-05, "wg": 2.3865619254466904e-05, "wh": 0.005965880294512232, "wj": 3.9338932837033355e-07, "wk": 3.960119238928024e-05, "wl": 0.0004207954515801335, "wz": 4.982931492690892e-06, "wx": 1.5735573134813342e-06, "wc": 4.589542164320559e-06, "wv": 0.0, "wb": 1.4293145597455454e-05, "wn": 0.0012850718060097564, "wm": 6.94987813454256e-06, "w,": 0.00043876023090904536, "w.": 0.000220953672768004, "w/": 2.3603359702220013e-06, "w;": 4.4715253658094584e-05, "ee": 0.009700456318507931, "er": 0.03713923084256258, "et": 0.014135920995883443, "ey": 0.003617477133917464, "eu": 0.0012277680938438112, "ei": 0.0045831168052905095, "eo": 0.0007968756495021724, "ep": 0.005527513452931557, "ea": 0.007903716126064496, "es": 0.018250773370637133, "ed": 0.019523912367019655, "ef": 0.003809844515490557, "eg": 0.0039046513436278075, "eh": 0.03505400514264756, "ej": 0.000440727177550897, "ek": 0.0036573405858589913, "el": 0.014596842158957351, "ez": 0.0003417241965776964, "ex": 0.0015106150209420808, "ec": 0.007893881392855236, "ev": 0.011157570390791648, "eb": 0.006691159086251003, "en": 0.02003990803606541, "em": 0.011630030974164419, "e,": 0.0040648919300506564, "e.": 0.002497366586271001, "e/": 3.2782444030861132e-06, "e;": 0.0005419593647181962, "rr": 0.002950419962777502, "rt": 0.005975190508616997, "ry": 0.002423409392537378, "ru": 0.006369366615644071, "ri": 0.008740586357284318, "ro": 0.01669019790499202, "rp": 0.0030191319654661866, "ra": 0.014106023406927298, "rs": 0.003665864021307015, "rd": 0.0033217794887590965, "rf": 0.0024459637140306105, "rg": 0.002109222448945605, "rh": 0.0009798016871943776, "rj": 3.1471146269626684e-06, "rk": 0.0006923652179317871, "rl": 0.0008571953465189568, "rz": 3.2782444030861132e-06, "rx": 7.867786567406671e-07, "rc": 0.002189998391037647, "rv": 0.0004635437585963764, "rb": 0.0015371032357190167, "rn": 0.0017591059466960082, "rm": 0.001748091045501639, "r,": 0.001850503400654049, "r.": 0.0014249872771334717, "r/": 6.556488806172226e-07, "r;": 0.00021780655814104135, "tt": 0.004377111927000578, "ty": 0.0016081755743779236, "tu": 0.0069459442412588565, "ti": 0.017736613518457105, "to": 0.01644813233826814, "tp": 0.0007145261500966492, "ta": 0.016539792051778426, "ts": 0.0114397616690093, "td": 2.0193985523010457e-05, "tf": 0.0011216841049599443, "tg": 0.00010739528664510106, "th": 0.037912109743034154, "tj": 1.1801679851110007e-06, "tk": 5.50745059718467e-06, "tl": 0.0021896050017092767, "tz": 2.2160932164862123e-05, "tx": 0.00033136494426394433, "tc": 0.002526084007242035, "tv": 2.6225955224688907e-07, "tb": 0.00020128420634948734, "tn": 0.007635949123220421, "tm": 0.00016614142634840422, "t,": 0.002397445696864936, "t.": 0.0015984719709447887, "t/": 3.4093741792095576e-06, "t;": 0.0003034343019496506, "yy": 5.245191044937781e-07, "yu": 2.6619344553059238e-05, "yi": 0.000376998106354903, "yo": 0.005323213261731231, "yp": 0.00021951124523064613, "ya": 0.0033247954736099357, "ys": 0.0012293416511572925, "yd": 0.00075871688465025, "yf": 7.054781955441316e-05, "yg": 7.526849149485715e-05, "yh": 0.00044990626187953815, "yj": 6.556488806172226e-07, "yk": 0.00011067353104818717, "yl": 0.004377374186552825, "yz": 3.2257924926367355e-05, "yx": 8.261175895777005e-06, "yc": 0.00033228285269680844, "yv": 7.041668977828971e-05, "yb": 0.0015927022607953572, "yn": 0.0011306009297363387, "ym": 0.0023152273272355364, "y,": 0.0017427147246805777, "y.": 0.0009818997636123527, "y/": 1.3112977612344454e-07, "y;": 0.00019708805351353713, "uu": 4.196152835950225e-06, "ui": 0.0010698878433911838, "uo": 0.014840350153218588, "up": 0.0023957410097753314, "ua": 0.001766711473711168, "us": 0.006630183740353602, "ud": 0.0012829737295917813, "uf": 0.0011560401063042869, "ug": 0.0024277366751494518, "uh": 0.0008919447371916697, "uj": 0.0005258304022550125, "uk": 6.031969701678448e-05, "ul": 0.00459111572163404, "uz": 4.563316209095869e-05, "ux": 4.3928475001353914e-05, "uc": 0.002716353312397153, "uv": 4.379734522523047e-05, "ub": 0.0031792414221129125, "un": 0.004503258771631332, "um": 0.0021299409535731092, "u,": 0.00027104524724715984, "u.": 0.0001593226779899851, "u/": 0.0, "u;": 2.7668382762046793e-05, "ii": 9.152858373416427e-05, "io": 0.004322693069909349, "ip": 0.0020306757130476617, "ia": 0.0061036976892179726, "is": 0.014944991714565096, "id": 0.007336973233658968, "if": 0.003993688461615626, "ig": 0.0037899127895197936, "ih": 0.011040078111385042, "ij": 8.261175895777004e-05, "ik": 0.002048902751928821, "il": 0.010136462824118385, "iz": 0.00037424438105631067, "ix": 0.00037267082374282934, "ic": 0.00498437392022825, "iv": 0.003549027390781026, "ib": 0.0013067082190701246, "in": 0.025120400082192143, "im": 0.0066823733912507325, "i,": 0.00012654023395912396, "i.": 8.156272074878249e-05, "i/": 3.9338932837033355e-07, "i;": 9.047954552517672e-06, "oo": 0.00856329889996542, "op": 0.004078004907663001, "oa": 0.0008165451159206891, "os": 0.006779540555358205, "od": 0.0048693731065679886, "of": 0.013452603732504174, "og": 0.0023147028081310426, "oh": 0.006272723970641092, "oj": 0.0006572224379307039, "ok": 0.001492912501165416, "ol": 0.007230233595894484, "oz": 8.24806291816466e-05, "ox": 0.00011591872209312496, "oc": 0.006860316497450247, "ov": 0.001974289909314581, "ob": 0.002905311319791037, "on": 0.019493490258959016, "om": 0.009041922582815994, "o,": 0.0006469943153930753, "o.": 0.0003139246840395262, "o/": 5.245191044937781e-07, "o;": 7.959577410693082e-05, "pp": 0.0025898130784380293, "pa": 0.004285976732594784, "ps": 0.002150397198648367, "pd": 1.652235179155401e-05, "pf": 8.916824776394228e-06, "pg": 7.998916343530115e-06, "ph": 0.00044662801747645206, "pj": 9.179084328641117e-07, "pk": 8.523435448023894e-06, "pl": 0.0020214966287190207, "pz": 2.6225955224688907e-07, "px": 0.0004110918481469986, "pc": 3.9338932837033355e-06, "pv": 1.3112977612344454e-07, "pb": 1.5473313582566454e-05, "pn": 4.130587947888502e-05, "pm": 0.0014415096289250257, "p,": 0.0002432457347089896, "p.": 0.000174927121348675, "p/": 3.015984850839224e-06, "p;": 2.9504199627775018e-05, "aa": 2.753725298592335e-05,